generation,baseNumberPoints,numberValueCoefficient,mostHeldColorPoints,colorRatioCoefficient,significantLeadRatio,playColorDislikedByHighestPlayerPoints,reversePoints,skipPoints,drawTwoPoints,wildDrawFourPoints,heldColorCoefficient,calledColorPoints,fitness,points,rate
1,10.39310103620763,2.9694262248287564,13.355792725530547,10.223132585752614,6.464775931906327,7.11804360215151,10.267249385428306,6.224202862887315,3.81889124978712,8.96544880839011,12.298842922791424,2.719308888397775,104882.636,330235,0.3176
2,5.406831693768933,2.9844949832708654,7.976561331352885,10.20044735553005,3.9265445611046754,6.974512153763897,5.631835093727509,5.682305817095782,12.943308272063708,8.927854121603714,7.109742552035553,3.6216046153050554,108067.30679999999,334781,0.3228
3,10.592140047888655,2.878175861203903,7.1365003268585046,10.228189702596625,7.668668882534042,6.845515714350293,10.304237231215895,6.220553750773304,13.655706362731658,3.316500614921796,13.594769645376452,2.093878859089315,109647.93000000001,336860,0.3255
4,10.592873417136138,-0.26374196517116455,6.993149617516277,8.102080030773669,3.504024530972245,6.836384215726429,11.61437253120222,5.470366878744766,13.656224373595622,3.302542518992576,13.60911129774373,2.0877004676352393,110852.90969999999,338689,0.3273
5,10.439062969271943,-0.2625837886440841,7.039150370450104,8.517167674299728,3.504801464727828,8.95085172814241,10.612971809760325,6.160633086526003,11.429852820689636,8.906339590608338,15.518084161255826,2.854919407430437,110829.15620000001,338513,0.3274
6,10.352798964986489,2.4736471848942405,15.263739787781072,10.98334641294632,1.6665346620120407,7.427624641481419,10.045883742617402,5.961895821696356,14.010043948727544,8.694819709796844,13.577663154489603,2.4609733648069736,112748.7254,339298,0.3323
7,10.634787768354165,-0.25497459392811983,5.439501772946476,11.769484932692386,2.7879829360467223,7.012892848907174,10.217210000272656,5.425060576869638,11.701810553235418,9.103564365606951,12.793332188595748,2.131033053028326,114251.8723,342379,0.3337
8,10.522436245080371,0.3078176530364083,7.291291201814295,11.968251552146096,2.8157958363787725,5.874528284212315,11.70162166935226,5.666666359230523,11.704555489119368,9.05658372640721,12.774262616596486,2.1671024792977236,115952.93100000001,348207,0.333
9,10.565733850788002,0.09370103327470247,17.049066618880552,13.20718471568164,2.349720470810932,6.185799391223532,10.490144135068288,5.496988245549035,13.939549391879902,3.544589231766547,13.339718910256988,1.795969946239261,112826.637,342210,0.3297
10,10.575549211558396,0.5695066095280257,17.049728743803993,11.971151194690622,4.171748318401596,5.873285474106029,11.705108356384251,5.500741299023179,11.703324180921955,8.744387479159458,10.372190004514762,1.7953342594727073,110253.00420000001,338823,0.3254
11,11.668115583217118,2.6345564479532477,18.879709472719806,11.97350453311662,4.342920169224647,3.9157345556368,12.142551490344408,3.3998860486515095,15.45358835469946,8.77633475893824,10.371344691474297,3.2251764738107243,115493.44949999999,346515,0.3333
12,10.635127290940703,-0.28091039734955947,14.294269407469944,11.972472713594138,3.42735135884078,6.7245241634461985,11.023438899374158,3.0363912557998463,13.699740048752602,5.2041250911640216,10.143386391849422,3.038088179957607,113262.7935,340845,0.3323
13,10.618531397970118,1.4320542216765257,7.266397780058603,10.132829047759044,4.0616865870015655,5.652882834024658,10.512184310746745,5.7923316133582246,15.237202823311438,8.136905036475737,10.730831697116406,2.1950244274525903,111674.37560000001,344249,0.3244
14,10.410046002261272,-0.6158588785522283,14.293119373268333,12.849696871114547,5.740210644479344,6.725532782803111,12.37053937407245,5.558724838714285,14.928509577511797,4.941677432186965,11.446214502323745,3.1435567024306126,113150.8254,342259,0.3306
15,13.589106269232834,-0.6168485682229663,15.080619313448427,12.848343719490675,3.5100488285211635,6.672664905282496,9.182060892206426,5.405590181947213,15.696558322062739,8.371394102309868,11.447398165349984,3.155462376970167,114158.4363,342099,0.3337
16,13.633592407030042,1.0151237550273235,15.288543671453823,12.07609677199745,5.765076732135127,6.439401740006209,9.186636911030373,5.276501185855419,14.918409181641252,7.245932307882511,11.438470624288055,2.804734668842713,120338.2472,353624,0.3403
17,10.439114844413844,-0.6556283498132163,15.053088831292381,15.076692898064573,5.4952807209115395,6.235739905348649,8.935751569309181,5.571936214558043,15.695287591888773,8.442276552479022,11.546353244088861,2.96344657917273,116345.71979999999,345342,0.3369
18,10.697320859516877,-0.6552202524443331,14.922379279107377,14.063717138764673,6.222957488848485,4.059638982578148,8.032013189223093,5.850964510981691,15.629080878875023,8.442662577367619,13.95945091563673,2.9078703757993924,113107.57620000001,341818,0.3309
19,10.414562477537697,-0.7834712140608693,14.6283236212888,12.166699814913542,6.199567966002022,7.669163197057078,12.054594845102468,5.8541077962716725,14.670601414160227,7.047465336150654,13.959032649511546,2.8842447461621057,112010.6871,337077,0.3323
20,14.462227151324814,1.2515617899015095,15.398165352225456,14.646825408015708,8.269041900737898,8.547398476020728,7.069626910428054,4.752199803992409,16.37778588565568,4.513713002288717,11.361590126151896,-1.9048960022801016,113463.82100000001,342791,0.331
21,12.15358756265666,-1.3297927860215197,15.377855422950107,14.649537361496252,6.478946964714517,4.79342523813433,7.078138679663367,7.037586067675385,14.70274128241826,4.51541195872766,12.606059660400353,-1.7205210635353365,112818.2418,341253,0.3306
22,13.87957500355647,-0.8713523838431452,13.648109140572707,13.890126336868777,6.998922013386796,7.86700768039821,8.275955663160975,4.89608809914361,14.655540452300347,4.514528893000221,12.896455630248795,-3.326061432657891,118874.756,350870,0.3388
23,9.005933812157242,-0.7910387093632061,14.627160149055786,14.06606850111253,6.15767404089944,10.11766774615042,6.372504054378291,6.268261423659968,14.66003418033374,4.001760580726686,13.520665861792322,-2.1964372919125914,115040.6616,346926,0.3316
24,9.708358112971572,-0.9043339772069132,16.400454850226776,13.299372720982275,6.813251289755072,10.115168299972431,6.562725140425157,4.8995304363365,16.384158889742658,8.349953103369606,14.172582748891598,-1.652817038603788,116277.8018,346271,0.3358
25,7.342579486839355,-2.0003071717483474,16.985186642259276,13.889986164957273,6.194447892465655,9.68465742055817,8.150497655583147,7.018251219268316,14.392027913422913,4.001143284262321,12.87742173172504,-1.9720985600737253,117015.66560000001,348676,0.3356
26,6.056073779468742,-2.003497450236948,14.740013966352956,13.044044317902122,6.188728336644235,8.929469262332432,11.834734818945401,7.138569441964781,14.362639044080025,4.691113555245703,12.879220676224616,-2.0392729195969,117343.93740000001,349134,0.3361
27,6.053921800573407,-0.05189261011029893,14.716056226681502,14.610636500358444,6.830390340314576,9.612684899010834,11.839659669530151,7.159703970797247,16.37925567511362,4.690551962988553,12.880139331274385,-2.1887540525254425,116068.15500000001,346990,0.3345
28,8.357125681732171,-0.05229663047070441,16.363053582756642,14.457485473315385,6.125847618415724,11.316979864445074,6.708013366934453,7.259308162595745,16.366347287352863,2.176104646631783,12.87819627310625,-2.87753029109247,115942.49100000001,344043,0.337
29,6.4359461161122,-0.8170905527470247,14.913060614846266,14.718263029676775,7.920356508078125,8.953876785870873,11.863508283010027,6.448888102398736,15.045049204611212,2.2167334827156946,13.69804054199234,-2.07569362211236,118171.74600000001,350658,0.337
30,6.995700088892239,-1.517246403561741,16.52399680990057,13.068248280676306,9.143000626679276,7.525814569766369,7.192129904789426,6.104650838013346,16.03225740604868,1.81643287319484,11.294144463291456,-2.8861779622180834,118256.0008,350492,0.3374
31,6.640078619525742,-1.5514100306014706,16.57487706225923,12.961199591069496,6.2581537029149805,7.182484623285749,7.559942074937993,5.682221370746513,15.043958868989092,2.2727498726014117,13.577301401051866,-3.1695392351552893,118713.686,352580,0.3367
32,6.091363555459416,-1.5563816398310752,16.819350549903085,13.19240879236966,6.218215805774028,7.1976626865597595,7.216078789518063,6.082636280221035,15.052454288337444,2.2784617830698335,11.275114262177523,-3.168928594189175,119374.104,352136,0.339
33,6.132491125862776,-2.063068534133823,17.042952098861353,14.602748896959602,9.206679342020776,8.637261474766646,7.487384355589373,6.201671456049704,14.003678071657697,0.430075148729501,16.41000130180491,-2.877025106291713,119127.0375,352969,0.3375
34,6.130052557030345,-2.0622164208000857,17.019134672493102,12.947914584219882,5.399253039518771,7.212185090811199,7.980933524780104,6.093899126303727,13.51940392803535,1.144397207324191,16.407102372466873,-2.9110125763518897,118041.5808,350064,0.3372
35,6.7924300261886446,-0.9004811063072903,18.219432225145628,13.340196442641245,6.292282660993056,8.639579741635494,7.446682511524194,6.207628177428833,16.023627143456725,3.3512463074822856,18.555145120773197,-4.937523273709051,117753.6249,349521,0.3369
36,6.925760407264385,-0.9040415558526269,15.79260680274376,12.71510160512951,5.299884747394321,8.312249518866015,7.448596763051594,7.19560982245422,16.02444475575349,2.324671860641075,16.57140032419,-5.462137843293778,118085.8794,351237,0.3362
37,4.931808665730193,-3.692525174431486,16.89746237451633,15.456570739698755,5.297977103973263,8.313325353220048,5.367423163128825,7.194510105579907,15.974953322811304,2.229681176251824,15.258427979257975,-3.1444386820287247,117878.9435,348445,0.3383
38,3.540941187046593,-3.693218864044982,16.89694773321259,15.504913408549282,4.0519792468970826,9.582898116062399,8.19906087144597,7.357634435016042,15.974475100209073,2.179547988313631,16.44755406755553,-6.393520399531733,120117.35840000001,352664,0.3406
39,6.429637156076675,-2.356990250691154,16.083176495345285,11.98027404378985,7.597799489523469,7.828290731632358,5.827622681330914,6.472491090436647,16.410990133413144,2.7104882043613028,16.95947626425334,-3.161595576983552,119539.20000000001,352000,0.3396
40,6.124963222446581,-3.001113775832971,17.555414696332655,16.054456216456398,5.28800424735218,7.883321169324085,6.681939878164931,6.864943298163162,15.490955911695645,2.4476658496885135,12.705050498095707,-3.2694317332959386,119500.4307,353447,0.3381
41,6.131497574050982,-2.124573861367406,17.55466539297522,16.053361005975702,7.6500714106965635,7.745106800902472,5.821189672043024,6.865502761501714,16.40304202296942,2.4548650433837715,11.447371184546906,-3.159937391422994,118498.02799999999,351835,0.3368
42,6.16100198913038,-3.557255773026271,17.634262165247183,13.391202964984037,7.455785685156436,8.592394218312473,6.055315787830404,7.5031777278195175,14.887944587555792,-0.011894254622005107,16.902095291454852,-3.675768207185105,116675.6822,347974,0.3353
43,4.075101693278021,-2.5802344731724185,17.705296782975893,16.718487823340165,4.407535294959865,9.848505597259333,6.5887141063153605,7.7960937796354735,15.807865382847682,3.8570882185722235,16.23830322481074,-2.290593273047647,119567.8314,354906,0.3369
44,3.025553518946473,-2.5798593733659922,17.710449051515937,16.573286998925415,4.4051051869817455,9.694049219306082,6.5952854945074995,7.798910513465752,15.808734490231098,2.074150979260853,17.604758380949438,-2.5891794600032445,118962.8538,352587,0.3374
45,6.1403689480039105,-2.3877326374115837,17.002368174105293,13.378363807738253,7.6604698665365945,9.788192377093823,5.622590348043945,6.89958526341082,16.307011523783846,2.4263399725255126,16.425540856268846,-3.4415226062848654,117113.28679999999,348137,0.3364
46,4.206924873359514,-2.6941083399685457,17.78116932514909,17.69012538567965,6.156840546712521,9.900438537260815,5.176485551063207,7.958592042401652,15.805442688249757,5.235857206194145,16.37671262195981,-2.28072014298713,118330.60470000001,349987,0.3381
47,5.67315996210515,-3.2490325979538723,16.411773587676358,14.307550249352682,7.89768750020328,9.378462105411547,6.725828094725224,7.614943287916075,16.29708237605792,4.388001501254693,16.424200086789995,-0.17060367877487212,117113.2035,349905,0.3347
48,4.739818671791617,-3.8012380390643656,18.451487128659057,16.543577273965212,6.807909328787668,8.62945691100981,7.962927961663125,8.569719418746452,15.83561667806699,4.412322880334576,17.63350615262781,-4.495462290754059,118625.766,350860,0.3381
49,4.741670093600679,-3.799850095928371,18.44800129985786,16.385827828581526,6.320762455660073,8.630483608019969,7.993585029037641,8.568001488211088,15.960463600944289,4.4421196529682545,17.633883390191432,-4.670859358955725,117125.60639999999,350256,0.3344
50,7.398301148953738,-3.801152137528946,17.428922741025655,14.178864470670902,10.020025559450502,7.960700371834774,8.506429609214964,8.837232966581986,16.305099594335527,4.412697989796457,16.1602840211234,-5.036959559832306,118206.4747,350657,0.3371
51,6.328052900665558,-3.787303588485677,18.120148227124474,16.48325904111412,5.3213065043476355,7.715176307397395,7.909801310650763,6.335808676587803,17.730372250097012,4.434457896095497,17.62293592148491,-2.058036664347379,117775.01250000001,348963,0.3375
52,5.240446890119236,-4.111963268853384,18.07997079055001,16.481117504487823,7.013931903194976,8.907094052942114,7.931025934165337,6.341564783888558,17.722575315667694,4.435287386908668,17.587080557562757,-2.2928330829749135,119800.81409999999,352459,0.3399
53,5.201784133409815,-3.0715060992261574,20.78813063194395,15.992640847526857,6.667637823807368,7.575599535708845,7.934410860581302,6.344113012542768,16.493204427322723,3.929600993503406,16.095604893917315,-2.5924920711875217,121614.8002,355391,0.3422
54,5.080416120221727,-5.529042331765523,20.37480105806563,15.835898355801485,3.5664146661763376,8.93157213380733,7.547677925786757,6.864181328808617,17.61326587444263,4.3638091856512125,17.538616015646845,-1.8131163770261027,120976.35059999999,353422,0.3423
55,4.8318797841000345,-1.5057162960258785,18.193181434585007,16.076696403127304,3.5250304062394804,7.568012823053832,7.244534212604976,6.430796671154093,16.491250511525283,4.47893182615549,15.979393658311535,-1.434341874511635,115683.6998,345634,0.3347
56,5.745676132858644,-2.75650654938188,20.277505746585884,16.075948262891316,2.706703766864454,7.454116094970105,7.27454932117454,7.85693276098775,15.196373222807859,4.616644185141976,15.965561930987192,-1.3682945702533067,119470.88100000001,354513,0.337
57,5.749268553870637,-2.7007775692426366,20.27824143324965,18.044313223489635,2.8057635441468523,7.449844878427362,5.06642436809251,7.842472755819363,15.14631142903572,4.6172300187897966,17.67477277265885,-1.3428550922654852,120416.83200000001,352096,0.342
58,5.749823615238668,-2.703929217551979,19.624546334099836,14.46167052003139,4.448953638600846,7.707113797880597,7.298306892348122,7.843259161411358,15.158290203019288,4.615029128273493,15.00992193250769,-0.7710418870862478,118665.99990000001,350979,0.3381
59,5.377397785494358,-2.8291125677837337,20.5358612442933,16.0869464268556,4.59367696418421,7.699416650936733,5.652208496254296,6.1204703366418745,15.321480388412366,4.71200970158525,15.01406486919808,-2.4251647965298773,119348.9951,350717,0.3403
60,5.163282359416131,-2.6978404716077464,20.51772977218597,16.14201614886266,2.3676427006415945,7.668411938697585,7.310924006310582,5.43291276503284,15.143056534260174,3.5818845739533227,15.01544403280874,-0.3000510645708816,117661.12980000001,347493,0.3386
61,5.135065745054544,-3.4257817431872417,22.343152187288577,18.40658648424359,6.013220793958691,7.710648751794008,5.131780287635702,6.717598252628971,15.03809670496878,5.016072850329895,17.870196612835116,-2.662776898182119,124611.7544,361403,0.3448
62,4.580260925452477,-3.4052052661272754,22.416233740800003,18.356642206513573,6.012156826937432,7.673756704141623,5.133698197568961,6.862355027085085,15.1302365224633,5.022804697732367,13.44759787179167,-0.28398448106797874,116796.42420000001,348542,0.3351
63,4.570080752821023,-3.4523271831028546,22.336157694528683,16.148164530045307,5.475596626362871,10.24526504003295,5.692879967185315,6.715483167445238,14.924699436732327,3.6452204686077305,17.80555711749366,-2.6234126216520948,118197.248,349696,0.338
64,4.4849133542160935,-3.4376925488886267,20.339378439392664,16.194968479225878,5.677879190954891,8.964702580941982,5.693233274124752,6.732318038492142,14.888013749753517,3.7924087252682495,13.280680686641984,-2.9763990676848517,117650.736,350151,0.336
65,5.612758835983437,-5.552444366825926,22.789516193873492,16.00670194165523,5.827534837713733,8.983088142821408,5.7750196150351885,7.533398523090443,14.889650441381495,3.7940529171273285,13.274509338823522,-1.0594375657658337,117566.00769999999,350003,0.3359
66,4.897200351534512,-1.5955637028523766,22.56650705570756,16.728402459179108,5.930677944517472,9.221701661352045,4.170065047572077,6.058035157192583,16.425517452191215,4.580578087470397,19.11834602611941,-3.464830982099429,118433.4764,349774,0.3386
67,3.6108161409442885,-3.427456387430369,22.708418827800294,18.05223749149178,5.802675109444085,9.944274916925746,5.767893508500745,10.75221505490905,14.894820247030568,3.6595225765071606,13.260634283578046,-1.0129334806488468,118852.72200000001,350598,0.339
68,5.12936849401319,-4.810246987976653,21.50840961256446,16.79681325318193,4.66946610354228,8.329834463169707,7.15633618582942,5.85931480550375,14.957555023445446,4.393304163128556,18.764978122626406,-1.0231785018161454,119902.7116,351724,0.3409
69,5.503162342948391,-1.6468942610934352,21.96073030710406,16.71114444550964,4.048563365945795,9.21558910484464,5.8186283809048955,6.63590346386891,14.074589313219487,2.3282383298993707,13.21889582434314,-0.34942147701499016,118420.8467,347581,0.3407
70,1.4184061891510955,-0.3208654227766794,21.59060243827132,16.61012211430045,3.9260592722238186,7.934411777286974,5.819536091073214,6.636611012173551,14.08146597985428,4.4976979787399065,13.026178254607638,-2.0037462052148918,122075.3061,356841,0.3421
71,4.610429211417205,-2.0453351359344016,23.644186390711052,19.144283315391927,7.5446188403526415,5.848443814261227,5.945597591120255,6.637696994216798,16.293604214514964,3.6021875721273493,12.881672235584597,-2.9624611944948764,118070.6234,350254,0.3371
72,3.331693268257825,-0.15422350288425607,24.441555969297706,16.891580076757425,3.959323331753991,6.786201407609452,7.983656122286414,6.737709362962094,14.044466795546976,4.4851976665584985,13.795722228062852,-0.36975928600180213,123302.766,358230,0.3442
73,3.398406482013247,-0.043571160541989715,24.44422448088346,16.69979842781756,3.960085391193938,5.70231713829959,5.725031227529887,6.955335010792418,13.709087693323156,3.0313763934303086,13.796284350779889,-2.0259915318086583,119588.0367,351833,0.3399
74,2.313480098696287,-0.044105647532880154,24.428934060738936,16.735354734881227,3.962883208719641,6.884417708360682,5.888244395334075,7.059646653925758,13.708280589419902,2.9765017980085755,13.726776984591853,-2.048335025035675,119732.01439999999,353296,0.3389
75,3.234755467094629,-2.0334587943337676,24.399931344337496,20.882278289540196,6.512502019400318,5.880549781873908,6.1204274164104,7.660764458465726,16.300668196155467,3.6933439208195105,14.01017994937731,-3.3341385453192727,122659.70760000001,358026,0.3426
76,4.520356709260838,-0.05488998698776132,24.517710280336043,20.870510377883914,5.9204245225989425,5.6921042811395015,4.745002215421209,5.492206098395081,16.072748470076316,5.323052438018772,13.681001177295203,-2.3880425296100856,121584.304,354680,0.3428
77,3.4050897899514414,-1.9646921366838705,23.246626867478934,22.110576138850572,7.177964643533136,5.37908380229065,3.778523136528069,6.8419227313469415,16.188328236300304,3.3766233363249594,13.95120334982415,-3.372887392523287,118036.34150000001,347677,0.3395
78,3.1661145921907536,-2.0342663298039607,24.352745381887452,21.096437959002504,6.569045782627289,6.410301620389881,4.485068894956984,7.009023162936773,17.0464592929144,5.002841747796092,15.390750434597944,-3.370340239997327,119538.9216,351792,0.3398
79,4.062770229625754,-1.3592607355391406,24.394775162937652,21.077411638285422,4.793367312769255,6.000697362302155,5.20303252386375,3.975027806977837,14.96849302026591,3.4469330881562104,13.18151451735658,-0.4633148543921767,118774.08529999999,351091,0.3383
80,2.9805132015794724,-2.1866804457375384,24.994753907000035,21.693818739524673,4.620378620365429,8.025550289955017,2.1432512830738997,3.63534061931591,16.414524119372444,2.1955888864440083,14.14056689003988,-0.5133549637585081,117952.1937,349281,0.3377
81,4.0907733472057615,-1.4405750732526417,24.42658407188163,20.918625729075288,3.257483290752271,6.261257434744362,2.0936673216279993,9.050416643275467,16.955979511377738,5.46504720170118,15.738154127554864,-1.1594631619964542,117466.8222,348153,0.3374
82,4.072893658421369,-1.4415508341992902,25.232721834367492,21.271135719746546,3.10226759294834,6.476042836044875,2.093983010537024,6.646250592238347,16.961622801779548,2.355539625042874,13.733990809019847,-0.4435962026726473,119031.9592,351334,0.3388
83,3.5067581857421324,-1.9682612010316847,25.241200062658532,20.328685576428132,3.095241148928901,8.210943740428561,1.3901177847812154,3.8417414754503447,16.922882318501376,0.6840296561458945,14.97419463570301,-0.5447718503808019,119461.6196,351668,0.3397
84,3.3007284999101683,-2.2178306965713612,25.04065772745775,20.040183694614388,4.604686373839521,8.923786165321255,2.14580983456708,7.035006712124296,16.296308250781625,2.255016601083366,16.158423480391455,0.6035630073868066,121646.44810000001,354551,0.3431
85,3.6315263228603016,-2.2138667687231965,26.541615631809353,20.59164848405195,4.552346971648848,10.032763942926477,1.2523416372110172,3.720053138127563,16.461823432801832,2.033000984648372,16.158107711811805,0.6023241844249956,118692.994,350644,0.3385
86,4.502342248457698,-3.918683967387114,25.044688117185213,20.23235107564463,3.4232493477427925,6.918850852886647,2.138923972862373,3.280121494142625,16.3067990232643,2.2507678436640934,15.702759258442976,-0.024183712181588112,117506.2129,348373,0.3373
87,3.3816470046602785,-2.1678937450005336,25.093985888250682,19.063808857742632,5.561152035495387,7.996714775356361,2.940174132226013,4.365617580426631,11.689802000373033,2.166017529991547,16.13353981783476,-0.8192523600147934,118430.27979999999,352681,0.3358
88,3.241763305431639,-1.5208233361812689,25.093353121843414,19.058531213908257,7.1144025152685835,8.893607783670584,2.1474559724300324,4.3699922691030775,17.215770725301557,2.168123463846305,16.540494479122255,-0.8162764019937928,122716.9152,357984,0.3428
89,3.2571946215507706,-1.5654337674276468,28.364138397571278,20.032924712029907,5.7443974628320875,8.000764014522833,3.405506582001455,4.488423558512322,16.135890090653564,2.939635786119556,15.887204252057263,1.340741310790802,118206.54329999999,349827,0.3379
90,2.5621296723854576,-2.06672366926212,28.01852998488072,20.848320448882745,5.569162550548694,8.00218904051993,3.4021959888257647,4.75407543690484,13.253477286646099,2.940033806848686,15.785793254223567,-2.39130308445281,115573.8917,347173,0.3329
91,2.5604253806687747,-2.6994211551640412,27.86008158671673,20.847240365831862,5.574605373538398,7.828995001311128,1.0134476640481997,4.754435189640219,15.684611300464574,2.814152511274851,15.785357818536088,-1.1526413351650622,118827.80639999999,351146,0.3384
92,0.6372123621178281,-2.9303531603354718,25.982200425702274,19.96455445517327,7.260082604393851,5.699609004642667,2.411420604648127,3.4867195115913194,16.564797249127835,1.5112532989894345,17.710947973447052,-0.01833144883326645,116903.25000000001,346380,0.3375
93,2.77141140267289,-3.7849995105268324,26.721558174588782,18.01034305796531,6.641192703693838,8.230441536720475,3.4009627886836116,4.779428485317655,15.431593123735698,1.7016677475943618,16.89237101778527,-2.118217873140071,118618.524,350424,0.3385
94,4.076784963924418,-3.0953568196221597,26.60289225893499,20.184349610586125,6.100371255132572,8.272396758361658,3.5372877264265514,4.8503565591512,15.467931373571572,1.694933695629888,17.249257530589276,-2.2029483416355533,118087.416,349785,0.3376
95,4.0805022047160255,-3.2151397233560686,27.189561402154517,20.188825515288762,6.555027230855713,8.164747143861845,4.76921405362881,3.6989224118386996,15.456759994792224,1.7160776860957123,16.76510153506444,-3.0319649815004563,120773.00940000001,352519,0.3426
96,5.633550346719893,-0.6545690733585634,26.850341137701424,22.108927394304438,7.285853674397604,5.615609535037762,3.4093664378152955,5.63357135766171,15.56677931286707,1.3007794828820953,17.852871645050048,-2.3880897568864885,119048.48939999999,352423,0.3378
97,3.5893010000137653,1.395795619133912,26.92205598292336,22.095496212264944,7.362890551979599,8.714043038843986,3.415249125864065,5.636542900359315,15.460441911206088,1.6189411619660152,19.037313893242896,-1.7084645912335068,119527.6586,353423,0.3382
98,3.58848046229995,-3.682919023698864,26.93628678334017,21.11849659200197,7.364570824674067,5.829792878475879,0.9884292104669388,5.644240660211963,15.049848392462689,1.2619996384652108,17.81673888469614,-2.0297126283739053,116734.4307,348357,0.3351
99,0.036026433525007964,-1.3581128255097628,27.350141800748897,20.51020455124228,7.364930542776648,6.750967518093189,0.6030473605950699,5.732401496103539,13.63061815515257,1.2391142109539446,18.84553335222185,-1.8574364588739847,119258.0796,353148,0.3377
100,6.981636530912347,-2.7806868521001458,26.86173560306496,21.796401620076807,7.460739105520383,7.70091904942104,2.409894461212067,8.683175519972913,16.197365131621805,3.635158168748212,18.556452374141532,-1.7953949987099234,120103.5968,354079,0.3392
101,0.019106872223266652,-2.405510548553212,27.125232736618873,21.098160002281634,7.4196749135469116,6.734994181285362,1.6654548221295338,6.5926193593093645,15.953353734633355,-0.4512894295942811,19.287219592071533,-2.0406211546558337,117054.754,348170,0.3362
102,-1.6737583120630606,-2.189595464670199,27.54575443444664,21.753746134141192,7.5578591707478955,6.735321627639536,2.668725910735062,5.644813653706677,15.875297286473822,0.6927338369483733,19.287992148527536,-1.1396591955948954,117863.4588,350367,0.3364
103,7.706414195314161,-2.4034058605246478,27.310098565589914,21.101107786397044,5.5253523161564795,6.049701999331447,2.731468732916812,9.434442481625144,15.95305720703108,-0.4265547486156778,21.25119176253092,-2.1800665861700694,118711.36499999999,351425,0.3378
104,2.5141169301685515,-1.425189291617825,26.48953209550537,21.023875075596433,7.433283885002729,7.095485845080898,-0.21078460729373538,5.410206453817742,16.217650891956694,3.676196458275163,17.342723682569787,-3.0992920342453467,119482.4536,354232,0.3373
105,2.4793113010241,-4.491756285947506,27.168111751842137,21.089864200617946,7.046750525538403,9.158568110851,1.2815163760342476,4.0949369555236785,18.699727670766958,4.3920874964109435,19.939753385712507,-0.7737273869897809,118864.51999999999,352400,0.3373
106,0.9217117227038276,-4.456134511362911,26.489014423730108,21.07974766494398,8.379554403689898,7.362832862829118,1.0254356290706437,5.329457867107192,12.968463842260231,-0.529054201647316,21.30090998075193,-2.741990919051274,116545.583,345730,0.3371
107,-0.49610211366103785,-1.1578600323287738,27.255935987568744,21.16412265794308,6.799476469080689,9.527025956405259,2.401376822652608,5.401650921844714,12.784801593757878,-0.28701996205103825,14.599822377777684,-3.037180421205187,118610.86600000001,352484,0.3365
108,3.2721845484684784,-4.445491843634276,26.695626355469788,22.552298924201995,10.20400546350847,6.58757804739474,2.0498971347756103,5.170594911765892,15.79707990509375,-0.6387674674260533,21.51083679769624,-2.7430300027549244,117759.41100000001,347886,0.3385
109,3.443650381986141,-4.470792996017563,26.695056489537475,20.781141067607656,10.206404224897986,7.207790614455005,1.150355247457706,5.1760969283030915,20.02776378239713,1.7649249353884846,16.730234626364044,-3.606457228785555,120387.0136,352421,0.3416
110,-0.47420507058697764,-1.186609531255552,26.986906858611988,20.47986513624336,6.829013481669087,9.753620302511662,-0.1446241551301526,7.30447679406728,12.855781083395064,-0.2650148056691952,21.474126207655623,-2.1590242079311692,117814.2414,348666,0.3379
111,2.4509403458751127,-2.2487742454398605,28.10986573050843,20.472560004149045,6.824562113586105,6.728601067374576,1.9980689394761362,7.310275070697737,12.524353552407353,-0.639491850076529,21.749147570844066,-2.2340537328324404,120587.23879999999,353732,0.3409
112,4.03808413778681,-1.8067019449120307,26.651714579287763,19.18658465025315,6.76021476118915,7.955362363475439,2.0692951375097235,5.194634633688321,11.802512960397367,-0.6774534356508335,21.650012634578523,-2.092941233033825,116336.9026,346447,0.3358
113,2.364883482193944,-2.2515331104009806,26.651216807717375,20.57662671544475,8.321576055372564,6.7296788687485884,2.711803826468833,5.231306980098729,12.530838017507095,0.13695280451305336,21.64829930601356,-3.3643548943875734,118378.6983,349509,0.3387
114,4.017373633923401,-5.968566565542627,27.753627602264093,18.620080465123447,11.952214118285971,5.671006950490716,2.9833278597190103,5.254809766434545,12.928807181835854,-0.7019793667821663,21.58659030035243,-3.9197531244759367,120705.5232,353664,0.3413
115,5.110446968358564,-4.940672263535347,26.374124545679706,18.891674965058968,8.64763383307237,6.688735830844555,2.7109286171832703,5.284592739458805,14.261997376335797,-0.8403782577507204,20.526091679798682,-4.917658793588746,120087.5616,350928,0.3422
116,4.541071675224643,-5.857423002205078,26.327306446419446,18.64360691884253,12.168659561083398,6.835367479693923,2.4571263695458656,5.330605292784488,13.355984973034932,-0.7159886594955254,20.463782919177376,-4.098741916570787,119122.90500000001,351395,0.339
117,4.234443502428271,-6.622730387527498,26.837540027702055,18.03848488171826,12.944191757788175,6.635269192454736,3.6999217380556986,5.760771658107857,13.359554080708472,1.3548293910319342,20.464383186364817,-4.0982102529215645,121130.2925,355325,0.3409
118,4.224172498907144,-2.224285427328493,26.331481397137573,18.749871874947555,13.362455565292786,6.639882075763919,3.2907612145953626,5.79503383296755,13.48624415598569,1.6965747240124298,19.405074420072744,-3.6999735100477533,124011.374,359245,0.3452
119,4.34938159442874,-6.20778533195436,25.873977927300633,18.117443743035093,11.965057416820017,5.194459419938968,3.206593093115721,5.755345854543161,10.911027006917688,1.5541765661775013,21.32954228244326,-4.095807024825288,118224.3036,347106,0.3406
120,4.950252694521831,-2.2228151366613025,25.691422606448196,15.84111826434178,12.010593604496716,5.174608805334325,5.111062383131058,7.056149014109447,10.913087496388831,0.8090984177507331,21.362990930623933,-3.701203820624202,121541.9716,353731,0.3436
121,4.356927269053778,-2.2098683168830937,27.006660839690625,16.923065794040774,13.469683992698148,5.096113037277879,3.9535514141496617,5.139438635837219,11.965342036823516,1.75150457938999,21.334956950108438,-6.017180925485102,120121.33979999999,353402,0.3399
122,4.362420180847748,-1.9592424905717336,24.824725479942455,17.626681374785534,13.489308315346035,6.857881431671518,3.955359114039083,6.238650536787967,12.036008490285454,-0.06907072249620089,23.47129242669042,-2.1671243689105704,119733.8421,350817,0.3413
123,5.480485087798164,-1.337983032166435,26.04910619378522,16.917924627104245,12.918643471816862,5.486887667377125,5.000565657421286,5.152191044795164,11.806185978415805,2.2087838864753144,21.552428952259323,-4.080971589873126,118777.34820000001,350686,0.3387
124,4.3842590780175135,-1.2827420854855933,26.05938847116434,17.146394764675797,12.05374140557286,6.170459760220966,3.9141229634286296,6.866822113696136,11.806773197365883,-0.01748970885715001,21.424305699169345,-4.080629506691357,117451.67469999999,347593,0.3379
125,4.747912109011554,-2.278731120475445,26.490578990220403,17.437787998731228,9.092400194415466,4.834544189673993,6.959783711797818,5.636027674092564,11.821185387906656,1.4694341296737334,19.400236157033042,-5.259781004428447,119497.5089,353857,0.3377
126,4.747406102962675,-2.2767906050042934,26.46450678069416,16.267706406284724,13.166702958397636,4.832311073947278,2.5770327488977567,5.595594570889915,11.612191666119582,0.7762031242208899,19.39810091089214,-4.099794577049503,119184.0131,351679,0.3389
127,4.212668915844445,-5.869224696517316,24.820119289663474,15.859556866183052,15.01461986861463,3.452489198853533,2.734176134971925,8.914673800496981,9.704863982783518,-0.04247708483765415,21.54703954478095,-4.502978884012531,118394.8437,350177,0.3381
128,3.836893640019466,-2.2689441253221365,28.293438395516475,17.64697905825263,10.365044061104387,3.380188930767981,6.974047304208379,6.620821940012895,7.360832110998244,0.8774782461539054,21.690062769514714,-5.859225587363851,119838.93819999999,354658,0.3379
129,4.308649016774564,-5.550923234232538,29.766370345978103,17.32593014632572,14.750358338314532,4.406662997770462,6.526609588031962,6.38463113305449,11.817768858594054,0.48326734708241953,19.770118802134782,-3.6826759203474984,119362.14630000001,349933,0.3411
130,4.107967733080962,-5.496095807514334,27.95313100781437,18.090408671301294,15.578085059813299,4.409135983992727,6.782024246575542,5.561353131867377,11.82003053943946,-0.005701709623221689,21.5867688887638,-3.7148434577324254,120591.9644,352402,0.3422
131,3.8519034671906964,-3.569045061598063,29.067376799727963,16.70229051417855,17.827049448902677,2.3221179029447887,6.524086023558503,4.154625296060765,11.764779661420535,0.48564460886167243,19.889069782661032,-3.6800024703030085,119044.53659999999,350234,0.3399
132,4.0254112927364165,-5.722882988663026,27.861508042590717,16.572218490294766,17.016129056123628,3.559092155905579,6.785211067827721,4.1174568556602775,9.641471856848439,1.941161678471898,19.892889092863072,-4.207475705503027,119358.5574,352402,0.3387
133,3.733041504379699,-5.733012212483438,26.013350164116826,17.495614328939965,19.037299299856222,3.7563097290216803,0.8343214797367431,4.228816409046619,10.896669691352798,-0.03130310856584592,20.653721329206572,-5.077713652514314,119048.8338,350866,0.3393
134,3.747755136877359,-5.529267768010672,25.846911744645354,17.17345830773495,19.033658678479703,3.7497761452816207,7.318313606101234,4.117198498369531,9.401833219782155,-0.03794957517137985,20.50155840399037,-6.410660796435643,118897.7176,350008,0.3397
135,3.757507671301721,-5.738728955957881,29.637055197792893,16.0104487350989,19.057378293328068,3.8320553863403726,0.4532090673622614,4.235379199289633,10.843659364491526,0.8122766120380098,20.298769559113115,-6.494637882257526,117459.1647,349269,0.3363
136,3.2299668606479637,-3.1745741069685804,28.71960616384896,15.774272998244506,16.408239812167846,3.741722469354417,6.778478693594564,4.1716024609939915,8.449464175437871,0.8719925596390863,20.64735613291265,-4.5592382764133665,120483.14300000001,353323,0.341
137,3.43719147089271,-3.2211874980792854,28.821000405898637,15.774577643747056,16.47513352604649,5.41026124941141,6.58982822701215,4.000247342671923,8.456165132319157,0.9578187655347785,20.550882283792042,-4.45527630270782,119803.744,353195,0.3392
138,3.436157762606641,-3.1853686701274135,28.335807240619996,15.784893429293865,17.824430224668372,2.221380501070948,5.244886048109577,4.234899407821262,8.458376403870826,0.9192929132497583,20.658488197123166,-5.066160284126459,120275.94889999999,354901,0.3389
139,5.746457175623949,-3.197673125989619,27.24590605766426,15.805517476381288,14.358650192750924,2.223342767558617,5.821695122910794,5.9684656983389415,8.491368974727363,0.9187770856810633,20.659014725071867,-3.826596776369705,120956.3432,357014,0.3388
140,3.3060337219267852,-5.065567940766476,30.267433838102885,15.675703197738832,15.931566819829966,4.0224070638250105,2.3773437868610636,4.102980898236828,11.853268646470864,2.5406619913216546,20.640747845563332,-4.33498224534725,116717.52960000001,345216,0.3381
141,1.8206333490621234,-1.2658340463756885,27.377481988582467,16.362148133876815,18.444781548071198,2.193234633572064,4.508868010421262,3.2184225631624535,9.168058945256766,0.5790479128248724,21.842687393788236,-3.523286680949457,118496.22959999999,351204,0.3374
142,1.8157702537622373,-1.7841753915478646,30.273146684599478,15.831736904350352,16.23051299636072,4.659918675691875,4.373726512134221,3.846906324073139,12.444617341856594,0.5444833057737365,22.372409752299866,-4.067960399285888,117989.525,348875,0.3382
143,5.772400749173788,-5.074510871770915,28.725161005435314,15.50198717690076,18.382300779015267,1.8967314563403086,6.230499859631546,5.997903344661511,12.742791375259209,0.286444388367555,22.529853572252133,-4.51379185521396,118563.82609999999,349849,0.3389
144,2.4702452601528306,-4.980942981217171,27.98255644823377,15.804373599623244,15.919166608749189,4.046253383855088,3.83855185297026,4.5305331028992955,11.71226985809077,0.791250170263507,22.370907381456526,-4.707616518384264,117226.52500000001,347750,0.3371
145,2.4660942855927903,-3.0049384922688005,27.97993050733477,15.805333361327813,15.806796326183369,4.145697777125265,4.626331959352228,3.755551438962353,12.364446381921073,0.7951885410007389,23.725914670300867,-4.708704481645333,120227.424,352780,0.3408
146,2.4898285237785145,-2.556630031115425,29.822671343972893,14.908813706101217,15.807934999874814,3.331945861153873,3.744543794706075,3.8543165095900624,13.58078741080757,0.7956675036720886,23.79677063819018,-4.704231098267152,118258.0546,350602,0.3373
147,1.7179386728005637,-2.556017955379015,28.1815386704388,15.932300490594534,15.811202573617425,3.331616944454563,3.828841841531922,3.6414622211961065,14.013192888566396,0.3692030462203335,24.15369850915244,-5.469980059400423,121564.59909999999,356599,0.3409
148,1.6360899713617134,-4.6407672252981556,28.9387073950644,14.96220690648708,15.802030972388543,3.876397843484985,4.355269142079251,4.466321085166782,10.424978856270275,0.05868071861733236,19.49262402346699,-3.3439919124605266,118155.6576,351968,0.3357
149,1.6347492888554478,-4.790242387635601,28.874347442627023,15.999398549912781,14.623292704995784,4.076188255974681,4.9834261378646705,4.464276556109181,12.334669474231081,1.336754303516677,19.49120143380407,-4.003499073345465,119132.89559999999,348954,0.3414
150,3.076627833007018,-4.759848967654741,28.82161028380685,17.187979662707967,15.819281902379279,4.100955935224258,3.5471733358201294,4.979835362362141,10.529253309117177,0.0464562822243165,19.480498031480643,-4.3234782303401404,119731.6811,352463,0.3397
151,1.6041963817986986,-2.3706155083503058,27.120342593481137,14.272226412080297,13.993004825293047,6.465759751324803,5.151397107940975,3.3882937098796693,13.446676600470559,0.0576268738967432,18.733622757801186,-2.720232091828368,119173.40000000001,350510,0.34
152,1.3134393628388368,-2.270728666984843,27.91097530856498,14.268178100550026,14.864348261687086,4.06558826465055,4.15959917857171,0.5972827591095629,13.354921433833477,0.20853501558630438,19.87209817957191,-2.2164093490332233,121411.1355,355315,0.3417
153,1.3120587212133725,-2.2031306828080943,28.55189369708394,13.228170963554266,14.861079018656124,2.0165605955695676,4.391776471795598,6.770955550941575,13.050441430134743,0.2088562939743812,20.04224300216271,-2.494981353210744,118831.9022,351886,0.3377
154,1.5543196993251456,-2.1197856646288433,26.707219946647232,12.347267721538703,16.34410197306982,4.111018049722252,4.159401777191546,6.679004185247137,9.9606549910501,0.49240373513014984,18.336259045818547,-2.5938422936490353,121135.5119,354301,0.3419
155,1.3058704945010666,-2.267856756391249,28.507834754249753,12.695357850036304,16.294200718458743,2.439217178359204,4.368268378248784,5.309691812976164,14.431459289755768,0.051620797472788554,22.142115773553098,-4.2276053921811885,117951.00319999999,347528,0.3394
156,0.7175936243919143,-2.9283020337570513,28.509984127915533,12.89496574488017,13.517741477212292,3.5270081253879755,4.380366691869358,4.381551470822531,8.091809746645575,0.05107479110402229,25.654095904948658,-4.169128377727413,120213.11279999999,353672,0.3399
157,2.4808427960996005,-3.339133000795203,28.558872974780392,12.939040973752945,16.345145536350415,4.601197405366192,4.054578921924969,5.148089519541862,12.068068154267413,0.045332573126131405,22.180852535839676,-4.233352478311738,117952.7328,350112,0.3369
158,3.894768772457378,-3.327543675920949,27.669173847801627,12.76051694282463,16.345871272507658,3.490110628241621,4.345739526114739,5.685276946553129,12.403055299286853,0.12099169772336246,27.95315850366987,-4.181811601687657,121386.40999999999,357650,0.3394
159,4.329454773265175,-3.1290704284696202,27.670536167412592,12.819997560144056,16.337947029089623,3.6366170795011508,4.400224710134239,5.684819751912188,12.40184755014208,0.34132852698024796,27.947266140600803,-4.064753360925219,118054.0572,350101,0.3372
160,4.90488970853032,-3.100889717679055,27.527663823964502,14.900205846011584,16.34270765790595,4.418293211217116,4.0075999819623025,5.675008473319684,11.951998724372855,0.9447191648016579,27.859501024081585,-2.314268135780821,120101.84100000001,352722,0.3405
161,3.45377995041243,-3.4441020300873517,27.527349708915537,13.511509069344712,16.314915613782638,7.419182897037227,6.2719483691818265,4.331638296198479,12.432796877411777,0.9450790940000936,27.43356200927769,-4.178682886039867,122458.78050000001,356503,0.3435
162,3.453964933938345,-2.815612664261489,27.83490116897782,14.890224407172596,16.3403714194416,4.432763840282414,4.009744642229575,6.626897300732258,11.952458619197573,1.3470114209012767,27.915737739158,-2.312500673074908,119093.4415,354973,0.3355
163,3.3802302905284116,-2.8147738974689336,27.377861875099462,12.554124915343204,16.34070766998746,7.419981328555318,3.5240707457349734,6.625716872456941,11.958259889423209,0.9497516070390453,26.88039126889232,-5.403423558264642,120784.38059999999,353274,0.3419
164,3.48914986568762,-3.4882782321772674,27.66931270981065,13.99958433493695,16.271763438921308,3.3415484875525006,4.0735259237032375,5.331469893503101,10.008884163815624,0.30194733524603434,27.926620824871872,-5.262719767265448,123578.6553,357267,0.3459
165,5.20160313864611,-2.82468334667801,26.555836891597234,14.613934888691492,17.40450659532838,3.927554891685958,7.770668197773611,6.63340691944737,11.954270181079405,0.618592941600444,26.691974682610137,-5.398691391124871,119696.83600000001,352568,0.3395
166,5.046071813368622,-3.6387374300113238,27.680863704532182,13.455191038340367,16.905212457952015,3.3902138085514597,3.516274458144896,6.1865596021047216,10.301886524950278,3.6243109630296293,28.43271085497336,-5.82996127044102,119571.9776,352304,0.3394
167,4.989261016925426,-5.492184036062879,27.32036836858981,13.421642359445865,17.08899810412778,3.39331413946619,7.167001293791613,6.219257538772671,10.303810972321758,0.36223355817890335,27.52997061592314,-5.831192486547845,121500.2875,354125,0.3431
168,4.155021770140275,-3.7807079011540545,27.41952854649811,14.152979565312995,16.742567778862636,2.6543808413243855,8.818904899758339,6.98695399148779,10.889176934186343,0.5560629114188885,26.500969536719378,-3.887778812223088,117463.02040000001,350009,0.3356
169,4.990776644811789,-3.776015658381551,29.065552210352706,14.279232575587788,16.723577866664662,4.26155862723672,8.769417825864343,4.93275912834524,12.059396563237433,0.19955082197124235,26.494750144620433,-5.833817383002095,121238.60280000001,353878,0.3426
170,4.9887364633750035,-3.3037640156577046,28.26514591656463,14.107460811003813,16.743728835544932,1.5155830629297822,2.554375107117624,10.197209251771087,11.666869222698187,1.8559709256800798,27.265931762994786,-3.890612565198222,121364.51879999999,354556,0.3423
171,4.971079950179351,-4.0809709167791475,28.145753390210082,14.088822540888655,16.655398716302187,3.336469907824061,2.4896693363487357,10.314285650436515,12.398155924823467,1.8543886917724288,27.297142695084947,-3.8864445929600313,120525.08600000001,353446,0.341
172,4.936604348363491,-7.4445603445104265,28.62510406873671,13.814512738286373,14.794804272407957,1.5058064128177922,7.627030562888866,4.912070041243945,11.898202012686514,-0.99913122927617,27.245086066036173,-5.786820498971106,118093.4404,351364,0.3361
173,2.8408884741633127,-2.5192884904442017,25.86422799025809,13.944417647495996,16.564417202120538,1.904281254398123,2.470435098468469,12.847520379964623,11.39950495184809,0.35667944261950285,30.797448069284343,-6.797610076724665,121513.805,356450,0.3409
174,4.7525699687042255,-3.2460377487223706,28.30242144190252,13.870214435631638,16.760057192092372,1.710373204721831,10.316994468832089,5.034755017327158,11.579606744697353,0.04410342440706217,28.005657294578235,-3.699883877658958,119400.6744,350972,0.3402
175,4.777485577891063,-2.497553855875559,30.69998781564973,13.508831866226258,16.429531098285622,1.4315865045478577,10.32019697416149,8.407210787885193,14.11133718785901,-0.17210752627837356,27.934850804701895,-3.6920429734037428,118239.2328,352532,0.3354
176,4.764933005783689,-3.245796795335352,30.688961137745892,13.861087684953526,16.441091266747875,1.555471698789999,6.451881458658426,8.316582730643177,12.045507146714204,-0.19241823784897305,26.643998284436634,-3.2254332505767227,117788.8332,348694,0.3378
177,4.888360793904019,-3.053217111160236,25.791671324627362,14.269980389365609,16.546689353202343,2.663744883413262,2.4698758804431633,11.501191904678203,13.113794952114539,1.4165858568575036,24.899850130754768,-6.635148690676984,118426.31289999999,350063,0.3383
178,3.6690099996931025,-3.253562673253839,27.047827739605317,15.197332641766241,17.234342109901473,1.5770213874609385,4.19290724481043,13.321809597682643,11.508306845302338,2.623383478896422,26.362052315557346,-3.1711399953772985,119943.9972,355074,0.3378
179,4.840827029508604,-3.263960636366224,28.33448604739391,14.252980589865295,17.493857512771456,0.008790895459968586,8.79832238415662,9.778360701154256,12.050169571635816,1.5361201009404055,26.593107514541927,-5.173790316929138,121798.9344,354892,0.3432
180,5.849024328509587,-2.836805792214758,25.86519613361687,15.406132075623617,17.507942415815016,-0.43495212256287663,1.1280519788953092,9.780639094843966,12.944470480629025,1.9230815345197407,24.88445681064695,-5.518276655979556,119068.5496,351442,0.3388
181,6.63205701783945,-4.37170439010429,23.75759593793066,13.69247234792455,16.12932540919271,1.6086503875426423,1.20596676137008,9.83859659942775,10.603131946905055,2.1160739205725276,24.706232199432403,-5.169442560611205,119422.19380000001,350623,0.3406
182,6.627878683610235,-4.37422357471029,27.13910758936503,13.68724107933514,16.348608739874134,1.6096274573805844,3.6440022861276065,9.984895734749854,10.79870292395319,2.36131814988403,24.705792581858667,-2.165608775805393,117962.12539999999,349621,0.3374
183,5.9023344951142,-3.977660642794422,23.05182025767203,13.254424315209826,15.824536925211014,-0.059387966969524225,1.3331696368600687,12.6738649826884,11.708403842633778,1.901163287783934,25.78943422043131,-6.204232852299594,121299.581,356135,0.3406
184,5.241812691378894,-3.2378354796157747,27.19529084276814,13.265697627019044,15.948843851909666,2.553034049650069,3.532085518935408,9.669750766992546,10.565460209928663,3.6895058468181374,24.70908431000274,-0.7106825251047524,119382.4496,353621,0.3376
185,5.905162788752529,-1.6638212858393815,23.675623586462223,14.188896448196076,12.608538139470516,0.63806557618958,2.3383384216327983,13.165519304279663,11.97676342910146,1.9363662533277028,26.430443236687523,-5.66976456919936,118767.081,348802,0.3405
186,5.9060523176431365,-1.7218560858783991,28.41864225259134,14.191573986383991,14.607820957373624,0.6907043617139121,2.337363416011756,13.169633532410005,10.73768426684531,2.3025401577339504,25.468416246343327,-5.417815916755126,123729.9182,359471,0.3442
187,5.907198130271952,-1.7200262136664137,23.61197936133333,14.10321864688221,15.322547217997709,0.6003546850128895,2.354761579919468,14.477065447914358,10.736696647008952,0.4242331752769586,25.187565510431515,-4.0402043512075885,118857.8435,351131,0.3385
188,6.310854243794599,-1.7068343910592314,22.545768174057464,13.343574391578604,17.04819235746974,2.5820274904970635,2.3022065800797447,14.76694772999379,11.577726325518423,-0.39579910521363226,28.696947622586602,-5.757140580922414,121781.89869999999,354739,0.3433
189,7.747576292749425,-1.5657878538693193,22.538263313257115,13.368321729771505,14.600437940395897,-0.29438563251428984,2.3602142823202636,16.83990627060349,9.14855059973314,2.5732433762727127,23.344810500180657,1.5816276959308735,116166.2359,347699,0.3341
190,6.477072639806908,-1.4675697594223949,28.92402015068427,13.315141343090026,15.128160985105467,0.4440409834991814,3.3044142888088013,15.426736191962382,11.575531314840578,-0.3893054761639482,28.46155582974484,-0.7939457009521632,118952.0156,349756,0.3401
191,7.874425151275037,-2.5947747528945926,22.50091152072087,16.707380264111794,19.835349055886805,4.916640338938752,3.5758226316433133,15.124219872833073,12.107091923298153,-0.21182388013514225,23.50191373907682,-6.2741870511343,120918.1531,354287,0.3413
192,6.100844145838849,-2.429766646669494,24.203018801121978,11.510658312285925,13.156436534947154,2.9566533547974414,3.2568481206831623,17.0717085604251,7.7302807666540625,0.049538996975470914,28.539549460918103,-5.5270474728983805,119098.61029999999,351427,0.3389
193,6.102430686925511,-2.4624813032314363,24.204382237903392,12.007543035311855,12.320790065922676,3.002585014490204,3.256245311223869,17.06020632476782,7.727976380935086,0.05416999643923573,28.5399991323408,-5.998604025040286,119874.45800000001,351538,0.341
194,5.969108039435133,-2.434161975684554,24.142892454336938,16.23473568271145,12.798676889262644,7.555392425227007,3.581016850852059,14.25506265263676,7.342938566979222,0.49312100202087306,30.598938120573184,-5.530507484877983,118481.2454,348782,0.3397
195,7.440129404493985,-2.3562646835262426,24.030093008679817,15.513184247853006,15.989246312009522,6.786295718659048,3.519358058845215,15.213136688673206,7.751154697347792,-0.7812232463317278,28.559438042416886,-4.289121847040047,118496.825,350375,0.3382
196,7.758214680188107,-2.268510396904469,24.12016723235381,11.539857311056473,15.959439609841413,7.840331718105318,4.702790979025087,17.713639188733417,7.668121557380084,0.0975448840064046,27.341852986120422,-6.273690986764654,117428.6084,349282,0.3362
197,7.7950488266840745,-2.191414841764417,24.297139870751774,10.791912959711363,15.942672749435594,5.740171261123597,5.303333224912735,17.797254580876206,8.258608291494504,0.2066453255791678,26.866116602085093,-6.203328625562583,117642.10919999999,346108,0.3399
198,5.804838972318466,-2.237453203875831,24.20129207711058,15.496415760855308,12.844867179116427,7.2011304893011365,3.432569416341574,15.307779482061772,11.258637624696483,0.31891507719571577,27.150376387402627,-6.59692088011784,117420.261,348015,0.3374
199,6.070703245004593,-3.280069929178562,24.103514950588217,15.251125885295139,13.51619098277109,6.616751205042342,1.7178775432088322,15.901175662103284,6.349036602246051,1.5106538499975792,26.5334051427095,-6.949459164721649,124027.9176,360966,0.3436
200,5.824257563559612,-3.2621430694922227,25.45672983535094,10.07894374754424,11.475297462757672,6.781778913571473,3.5429299663815343,16.384435256819383,5.8710525551399275,0.4956683546748695,27.726553953376648,-7.010318266965186,120617.2708,353509,0.3412
201,6.096937115275801,-1.4654779695333282,24.163909902169397,12.869123257116916,14.772433776194694,7.621790098090374,3.0908124319380605,14.63532105534999,8.170945613132366,-0.4217980560166943,27.334843207547717,-6.668351780952873,118412.0064,349092,0.3392
202,6.096463747157931,-0.8580321093742673,24.214921076623412,13.197882208368146,14.835903483294086,8.49286857023645,3.2843838172126816,14.096086907891864,8.215542388090677,-0.4221502082488743,27.336496375288295,-6.667856292367688,117805.878,349365,0.3372
203,5.4456232099830295,-3.0901564840360356,24.319666271914112,13.57151294662621,15.253393229746818,5.9789011648163815,3.3866148823971374,14.616038166013778,8.159779537463656,1.563638061321764,27.342127835539845,-6.417059575580098,117359.888,347630,0.3376
204,5.445130854085772,-3.058071812534181,24.318068578777265,13.570707023135103,15.248435296632634,6.820466416220871,2.9299201607121783,14.611481585887102,8.162689813403876,2.139763475123167,26.318179509399048,-7.182376426309509,123037.90149999999,356735,0.3449
205,7.227731347000778,-3.068613688992047,24.371699931927722,13.587194337875642,16.253495698270754,8.630612745472668,2.9121960986823283,14.988879126738953,8.20151422287243,3.575989719109365,26.321452199418793,-7.1779354439314735,120787.43519999999,353904,0.3413
206,6.3310698191431145,-2.4064417843380506,24.20446606282061,12.398976556595905,17.13852495506668,6.912543126119458,2.9128200475860533,16.404373380172494,8.17109817758074,2.2660052402946818,28.005971304198052,-7.185124339242796,122117.352,354580,0.3444
207,4.9988051900721855,-2.8842521147598017,24.317579779498033,13.578963997064726,15.517781343449448,6.791861024457043,2.9900997888500833,17.148794107233574,8.172174844946257,0.3016607075736757,27.823033751962267,-6.68407531834284,121634.48359999999,356804,0.3409
208,5.823682541954012,-2.3972310996528297,24.236504420056075,12.29931892737228,17.276481254098993,4.550392627175144,2.942705352256368,16.586663664494356,8.318674612947097,2.19266507743819,26.962562663943,-7.023703308505846,119218.3512,352092,0.3386
209,6.059657452841052,-2.8851910888852697,22.619744837462118,12.604165239454332,17.278105911703804,3.5935173370983504,3.1107899457608483,16.775144346416166,7.752313013931011,0.30420804028109394,29.226444124639592,-7.134525156999449,121130.226,356580,0.3397
210,6.057504043964587,-2.8860907079360163,22.645414546940945,12.476909954572188,15.508248338002437,3.597516513969955,2.9147862023667335,16.774143154945047,7.751156534752739,0.1807760052473077,29.22409601072353,-7.159683757656917,117472.62449999999,347655,0.3379
